model,experiment,cell,n,errors,gated_out,max_concurrency,request_rate,audio_s_per_s,qps,rtf_p99,latency_p99_s,ttfa_p99_s,mean_audio_s
qwen3-omni,ab_2gpu,default_c1,48,0,0,1,inf,4.941,1.397,1.0324,1.3692,,3.537
qwen3-omni,ab_2gpu,default_c2,48,0,0,2,inf,9.116,2.571,1.6185,1.5197,,3.545
qwen3-omni,ab_2gpu,default_c4,48,0,0,4,inf,14.549,4.371,0.4095,1.1064,,3.329
qwen3-omni,ab_2gpu,default_c8,48,0,0,8,inf,16.556,3.92,2.1537,3.072,,4.224
qwen3-omni,ab_2gpu,restage_c12,48,0,4,12,inf,19.574,6.181,29.3495,3.159,,3.437
qwen3-omni,ab_2gpu,restage_c16,48,0,1,16,inf,19.407,5.436,2.6568,3.7642,,3.636
qwen3-omni,ab_2gpu,restage_c2,48,0,0,2,inf,7.473,2.131,1.153,1.6428,,3.507
qwen3-omni,ab_2gpu,restage_c4,48,0,0,4,inf,14.491,3.54,1.188,1.8664,,4.094
qwen3-omni,ab_2gpu,restage_c8,48,0,1,8,inf,16.859,4.238,2.7973,3.0009,,4.053
qwen3-omni,calib1,L2048_c24,60,0,1,24,inf,29.316,7.464,7.4689,4.7114,,3.993
qwen3-omni,calib1,L2048_probe_c1,16,0,0,1,inf,6.493,1.688,0.1991,0.8738,0.3086,3.847
qwen3-omni,calib1,L512_c24,60,0,3,24,inf,25.04,10.424,15.6953,3.5946,,2.52
qwen3-omni,calib1,L512_c32,60,0,6,32,inf,24.837,11.652,22.6867,3.3454,,2.346
qwen3-omni,calib1,L512_probe_c1,16,0,0,1,inf,6.487,1.791,0.205,0.8057,0.3017,3.622
qwen3-omni,calib1,L6343_c16,60,0,3,16,inf,23.452,5.728,8.1681,4.1018,,3.511
qwen3-omni,calib1,L6343_c4,60,0,0,4,inf,11.205,2.935,1.2791,2.574,,3.818
qwen3-omni,calib1,L6343_c8,60,0,2,8,inf,16.897,5.242,3.6891,1.9257,,3.326
qwen3-omni,calib1,L6343_probe_c1,16,0,0,1,inf,4.947,1.454,0.4933,1.1938,0.3623,3.402
qwen3-omni,calib2,P1_L2048_c1,40,0,0,1,inf,6.261,1.787,0.2401,0.8302,0.3125,3.503
qwen3-omni,calib2,P1_L4000_c1,40,0,0,1,inf,5.867,1.708,0.6443,0.8594,0.3158,3.435
qwen3-omni,calib2,P1_L512_c1,40,0,0,1,inf,5.419,1.583,0.7655,1.3097,0.3052,3.423
qwen3-omni,calib2,P1_L6343_c1,40,0,0,1,inf,4.913,1.421,0.7389,1.1217,0.3711,3.457
qwen3-omni,calib2,P1_L9000_c1,40,40,0,1,inf,,,,,,
qwen3-omni,calib2,P2_L2048_c3,200,0,1,3,inf,15.201,3.648,0.7435,2.0509,,4.185
qwen3-omni,calib2,P2_L2048_c4,200,0,3,4,inf,17.73,4.296,1.7391,1.9319,,4.188
qwen3-omni,calib2,P2_L2048_c5,200,1,5,5,inf,18.822,4.812,2.5809,2.0216,,4.006
qwen3-omni,calib2,P2_L2048_c7,200,0,8,7,inf,22.656,6.01,2.0317,2.6765,,3.914
qwen3-omni,calib2,P2_L512_c3,200,0,3,3,inf,13.844,3.436,1.8945,1.6444,,3.985
qwen3-omni,calib2,P2_L512_c4,200,0,0,4,inf,18.348,4.511,1.0006,1.9336,,4.068
qwen3-omni,calib2,P2_L512_c5,200,0,2,5,inf,23.235,6.032,0.8304,1.6342,,3.888
qwen3-omni,calib2,P2_L512_c7,200,0,7,7,inf,23.02,7.427,2.3426,1.8678,,3.202
qwen3-omni,calib2,P2_L6343_c3,200,1,4,3,inf,11.931,3.099,4.8281,1.6844,,3.927
qwen3-omni,calib2,P2_L6343_c4,200,0,3,4,inf,13.142,3.416,12.127,2.0868,,3.905
qwen3-omni,calib2,P2_L6343_c5,200,0,12,5,inf,13.97,3.636,10.2442,2.0872,,4.073
qwen3-omni,calib2,P2_L6343_c6,200,1,3,6,inf,14.629,3.801,2.6538,2.7415,,3.905
qwen3-omni,calib2,P4_L4000_c3,200,0,0,3,inf,13.842,3.242,0.6381,2.2781,,4.27
qwen3-omni,calib2,P4_L4000_c4,200,1,2,4,inf,16.616,4.286,0.9395,2.279,,3.916
qwen3-omni,calib2,P4_L4000_c5,200,0,1,5,inf,19.947,4.743,0.7132,2.6268,,4.226
qwen3-omni,calib2,P4_L4000_c7,200,10,3,7,inf,21.537,6.002,1.1711,2.294,,3.641
qwen3-omni,repeats,rep1_c3,200,0,1,3,inf,10.666,2.728,1.2734,2.3142,,3.929
qwen3-omni,repeats,rep1_c4,200,0,4,4,inf,13.732,3.09,2.5082,2.144,,4.53
qwen3-omni,repeats,rep1_c5,200,1,6,5,inf,13.277,3.576,3.5351,2.1387,,3.819
qwen3-omni,repeats,rep1_c7,200,1,6,7,inf,13.985,4.208,4.5285,2.642,,3.288
qwen3-omni,repeats,rep2_c3,200,0,1,3,inf,11.787,2.975,0.6985,1.9486,,3.981
qwen3-omni,repeats,rep2_c4,200,0,0,4,inf,13.349,3.372,0.9485,1.9094,,3.959
qwen3-omni,repeats,rep2_c5,200,1,3,5,inf,14.761,3.383,2.4071,3.0437,,4.426
qwen3-omni,repeats,rep2_c7,200,0,5,7,inf,15.589,4.166,3.9408,2.8715,,3.831
qwen3-omni,repeats,rep3_c3,200,0,2,3,inf,12.066,3.052,0.8959,1.9312,,3.989
qwen3-omni,repeats,rep3_c4,200,0,3,4,inf,14.11,3.315,1.7131,2.099,,4.318
qwen3-omni,repeats,rep3_c5,200,0,3,5,inf,14.084,3.625,2.0796,2.2671,,3.939
qwen3-omni,repeats,rep3_c7,200,0,7,7,inf,14.907,4.098,14.8299,3.483,,3.763
qwen3-omni,omnivox_rep1,cx_qps1_a,60,0,0,64,0.5,1.402,0.405,1.1124,1.6676,0.6772,3.458
qwen3-omni,omnivox_rep1,cx_qps1_b,60,0,0,64,0.5,1.867,0.532,1.3289,1.856,0.9257,3.508
qwen3-omni,omnivox_rep1,cx_qps2_a,60,0,0,64,1.0,3.68,1.047,0.8442,1.1478,0.6207,3.513
qwen3-omni,omnivox_rep1,cx_qps2_b,60,0,0,64,1.0,4.049,1.142,0.9782,1.4646,0.828,3.545
qwen3-omni,omnivox_rep1,cx_qps3_a,60,0,0,64,1.5,4.906,1.424,1.0823,1.5442,0.6751,3.445
qwen3-omni,omnivox_rep1,cx_qps3_b,60,0,0,64,1.5,6.113,1.747,0.9442,1.5806,0.9159,3.5
qwen3-omni,omnivox_rep1,cx_qps4_a,60,0,0,64,2.0,5.561,1.63,0.4553,1.2137,0.7765,3.413
qwen3-omni,omnivox_rep1,cx_qps4_b,60,0,0,64,2.0,6.338,1.793,0.5005,1.4998,0.7996,3.536
qwen3-omni,omnivox_rep2,cx_qps1_a,60,0,0,64,0.5,1.374,0.397,1.1444,1.4195,0.841,3.462
qwen3-omni,omnivox_rep2,cx_qps1_b,60,0,0,64,0.5,1.396,0.395,1.01,1.604,0.9364,3.532
qwen3-omni,omnivox_rep2,cx_qps2_a,60,0,0,64,1.0,3.268,0.939,1.0055,1.6568,0.9362,3.481
qwen3-omni,omnivox_rep2,cx_qps2_b,60,0,1,64,1.0,3.854,0.988,1.1474,1.4075,1.0069,3.462
qwen3-omni,omnivox_rep2,cx_qps3_a,60,0,0,64,1.5,4.938,1.401,0.6125,1.6582,0.6928,3.525
qwen3-omni,omnivox_rep2,cx_qps3_b,60,0,0,64,1.5,5.168,1.462,0.318,1.4552,0.7445,3.534
qwen3-omni,omnivox_rep2,cx_qps4_a,60,0,0,64,2.0,7.212,2.038,0.9707,1.9649,1.2329,3.538
qwen3-omni,omnivox_rep2,cx_qps4_b,60,0,0,64,2.0,7.67,2.004,0.7926,2.1835,1.1027,3.828
qwen3-omni,omnivox_rep2,d2_qps1,120,0,0,64,1.0,3.107,0.883,1.2282,2.0338,0.9516,3.517
qwen3-omni,omnivox_rep2,d2_qps2,120,0,0,64,2.0,6.194,1.775,1.2733,1.7962,1.1857,3.49
qwen3-omni,omnivox_rep2,d2_qps3,120,1,5,64,3.0,8.871,2.588,13.7328,2.5716,1.7265,3.571
qwen3-omni,omnivox_rep2,d2_qps4,120,0,1,64,4.0,17.528,4.298,2.1257,3.4816,1.2738,4.111
qwen3-omni,coloc3,lad_c11_s0,60,0,0,11,inf,21.755,6.243,0.9036,2.3532,,3.485
qwen3-omni,coloc3,lad_c11_s1,60,0,0,11,inf,21.409,6.229,0.8755,2.4011,,3.437
qwen3-omni,coloc3,lad_c11_s2,60,0,0,11,inf,22.191,6.312,1.0458,2.4799,,3.516
qwen3-omni,coloc3,lad_c3_s0,60,0,0,3,inf,13.262,3.768,0.4855,1.2888,,3.52
qwen3-omni,coloc3,lad_c3_s1,60,0,0,3,inf,12.041,3.433,0.5711,1.4603,,3.508
qwen3-omni,coloc3,lad_c3_s2,60,0,0,3,inf,12.596,3.522,0.5688,1.2667,,3.577
qwen3-omni,coloc3,lad_c5_s0,60,0,0,5,inf,16.208,4.67,0.6334,1.4408,,3.47
qwen3-omni,coloc3,lad_c5_s1,60,0,0,5,inf,15.702,4.513,0.6514,1.7573,,3.48
qwen3-omni,coloc3,lad_c5_s2,60,0,0,5,inf,16.253,4.671,0.5956,1.4513,,3.48
qwen3-omni,coloc3,qps_agg3_s0,60,0,0,0,1.0,4.058,1.18,0.581,1.159,,3.44
qwen3-omni,coloc3,qps_agg3_s1,60,0,1,0,1.0,4.424,0.987,0.4977,1.2339,,3.539
qwen3-omni,coloc3,qps_agg3_s2,60,0,0,0,1.0,3.708,1.083,0.4823,1.1392,,3.425
qwen3-omni,coloc3,qps_agg6_s0,60,0,0,0,2.0,7.1,2.042,0.4472,1.5196,,3.477
qwen3-omni,coloc3,qps_agg6_s1,60,0,0,0,2.0,6.65,1.902,0.4425,1.3991,,3.497
qwen3-omni,coloc3,qps_agg6_s2,60,0,0,0,2.0,6.151,1.788,0.3886,1.1228,,3.44
qwen3-omni,coloc3,qps_agg9_s0,60,0,0,0,3.0,10.406,2.962,0.4898,1.6833,,3.513
qwen3-omni,coloc3,qps_agg9_s1,60,0,0,0,3.0,9.515,2.797,0.4785,1.664,,3.402
qwen3-omni,coloc3,qps_agg9_s2,60,0,0,0,3.0,10.775,3.085,0.6,1.8529,,3.493
qwen3-omni,replica_ab,default.L6343_c3,120,0,1,3,inf,11.029,2.802,1.2072,1.6474,,3.965
qwen3-omni,replica_ab,default.L6343_c4,120,1,2,4,inf,17.664,4.022,3.2174,1.5907,,4.464
qwen3-omni,replica_ab,default.L6343_c6,120,0,2,6,inf,21.093,4.691,1.2948,1.9851,,4.565
qwen3-omni,replica_ab,default.L6343_qps1,120,1,0,64,1.0,3.744,1.071,0.4122,1.1907,,3.496
qwen3-omni,replica_ab,default.L6343_qps2,120,0,0,64,2.0,7.381,1.962,1.0303,1.8131,,3.763
qwen3-omni,replica_ab,default.L6343_qps3,120,0,0,64,3.0,9.423,2.47,0.5682,1.7668,,3.814
qwen3-omni,replica_ab,default.Lshort_c16,120,0,5,16,inf,26.921,8.43,6.6831,2.9448,,3.324
qwen3-omni,replica_ab,default.Lshort_c32,120,0,6,32,inf,28.984,8.296,36.4956,5.7354,,3.67
qwen3-omni,replica_ab,default.Lshort_c8,120,0,3,8,inf,20.694,5.4,2.7106,2.5284,,3.739
qwen3-omni,replica_ab,default.Lshort_qps2,120,0,0,64,2.0,8.948,2.34,0.4874,1.5053,,3.824
qwen3-omni,replica_ab,default.Lshort_qps4,120,0,0,0,4.0,13.785,3.912,0.8133,2.9237,,3.524
qwen3-omni,replica_ab,default.Lshort_qps8,120,0,0,0,8.0,24.889,7.321,2.2306,3.7168,,3.4
qwen3-omni,replica_ab,replica2.L6343_c3,120,0,0,3,inf,11.921,3.643,0.7266,1.1763,,3.272
qwen3-omni,replica_ab,replica2.L6343_c4,120,0,0,4,inf,17.324,4.802,0.5983,1.6129,,3.608
qwen3-omni,replica_ab,replica2.L6343_c6,120,0,0,6,inf,23.795,5.989,0.8333,2.0654,,3.973
qwen3-omni,replica_ab,replica2.L6343_qps1,120,0,0,64,1.0,3.219,0.938,0.4967,1.0264,,3.431
qwen3-omni,replica_ab,replica2.L6343_qps2,120,0,0,64,2.0,7.603,2.168,0.3734,1.1193,,3.506
qwen3-omni,replica_ab,replica2.L6343_qps3,120,0,0,64,3.0,12.14,3.347,0.5318,1.6354,,3.628
qwen3-omni,replica_ab,replica2.Lshort_c16,120,0,3,16,inf,45.226,12.06,4.4805,2.088,,3.84
qwen3-omni,replica_ab,replica2.Lshort_c32,120,0,2,32,inf,48.205,16.893,3.3288,3.4836,,2.899
qwen3-omni,replica_ab,replica2.Lshort_c8,120,0,2,8,inf,29.954,7.526,1.2406,1.8383,,3.872
qwen3-omni,replica_ab,replica2.Lshort_qps2,120,0,0,64,2.0,6.257,1.809,0.3312,1.1998,,3.459
qwen3-omni,replica_ab,replica2.Lshort_qps4,120,0,0,64,4.0,15.911,3.996,0.5203,2.0557,,3.982
qwen3-omni,replica_ab,replica2.Lshort_qps8,120,0,0,64,8.0,26.324,6.561,0.6272,2.2337,,4.012
qwen3-tts-1.7b,tts17,s_confirm_c8,120,0,0,,inf,13.765,3.662,2.9168,7.8336,,3.759
qwen3-tts-1.7b,tts17,s_probe_c1,24,0,0,,inf,3.66,0.886,0.577,2.0128,0.6541,4.133
qwen3-tts-1.7b,tts17,s_qps1,120,0,0,,1.0,3.983,1.055,0.4371,1.6495,0.2306,3.776
qwen3-tts-1.7b,tts17,s_qps2,120,0,0,,2.0,7.888,2.129,0.2796,1.3473,0.2699,3.705
qwen3-tts-1.7b,tts17,s_qps4,120,0,0,,4.0,13.98,3.764,0.5829,2.3718,0.2979,3.715
qwen3-tts-1.7b,tts17,s_qps6,120,40,0,,6.0,8.763,2.327,12.6988,29.6713,25.3395,3.766
qwen3-tts-1.7b,tts17,s_qps8,120,0,0,,8.0,27.454,7.282,0.4928,2.2968,0.3487,3.77
qwen3-tts-1.7b,tts17,ts_qps1_a,60,0,0,,0.5,1.779,0.469,0.6739,2.5144,0.9509,3.797
qwen3-tts-1.7b,tts17,ts_qps1_b,60,0,0,,0.5,1.725,0.479,0.7011,2.2908,0.8947,3.604
qwen3-tts-1.7b,tts17,ts_qps2_a,60,0,0,,1.0,4.05,1.058,0.2741,1.1245,0.2389,3.829
qwen3-tts-1.7b,tts17,ts_qps2_b,60,0,0,,1.0,4.525,1.249,12.0387,30.1947,24.9788,3.621
qwen3-tts-1.7b,tts17,ts_qps4_a,60,0,0,,2.0,6.376,1.628,12.118,31.7932,25.7431,3.916
qwen3-tts-1.7b,tts17,ts_qps4_b,60,0,0,,2.0,7.615,2.091,0.3261,1.6172,0.3003,3.641
qwen3-tts-1.7b,tts17,ts_qps6_a,60,0,0,,3.0,9.527,2.486,0.6899,2.3542,0.3587,3.832
qwen3-tts-1.7b,tts17,ts_qps6_b,60,0,0,,3.0,12.434,3.435,0.5811,2.4892,0.6605,3.62
qwen3-tts-1.7b,tts17,ts_qps8_a,60,0,0,,4.0,14.738,3.845,0.4727,2.5275,0.4298,3.833
qwen3-tts-1.7b,tts17,ts_qps8_b,60,0,0,,4.0,16.062,4.374,0.7613,3.3461,0.6762,3.672
higgs-v3-4b,higgs_single,confirm_c8,120,0,0,,inf,20.823,5.473,1.079,3.0302,,3.805
higgs-v3-4b,higgs_single,probe_c1,40,0,0,,inf,5.621,1.4,0.4279,1.1004,0.6184,4.014
higgs-v3-4b,higgs_single,qps1,120,0,0,,1.0,4.099,1.076,0.1478,0.7358,0.1695,3.808
higgs-v3-4b,higgs_single,qps10,120,0,0,,10.0,34.724,9.108,0.1649,0.7477,0.2006,3.812
higgs-v3-4b,higgs_single,qps12,120,0,0,,12.0,50.402,13.256,0.192,0.8739,0.2271,3.802
higgs-v3-4b,higgs_single,qps16,120,0,0,,16.0,52.016,13.58,0.2136,1.0015,0.2378,3.83
higgs-v3-4b,higgs_single,qps2,120,0,0,,2.0,6.777,1.78,0.1587,0.6874,0.1719,3.808
higgs-v3-4b,higgs_single,qps4,120,0,0,,4.0,14.933,3.92,0.1476,0.7139,0.183,3.81
higgs-v3-4b,higgs_single,qps6,120,0,0,,6.0,22.803,5.987,0.1473,0.7001,0.1887,3.809
higgs-v3-4b,higgs_single,qps8,120,0,0,,8.0,32.444,8.51,0.1816,0.9228,0.2375,3.812
ming-flash-omni-2.0,ming_tp2,confirm_c4,60,0,0,4,inf,7.819,1.929,1.2077,3.5306,,4.053
ming-flash-omni-2.0,ming_tp2,lad_c2,60,0,0,2,inf,8.562,2.118,0.8141,2.212,,4.043
ming-flash-omni-2.0,ming_tp2,lad_c8,60,0,0,8,inf,10.244,2.558,1.4628,4.5324,,4.005
ming-flash-omni-2.0,ming_tp2,probe_c1,24,0,0,1,inf,5.109,1.276,0.4211,2.0924,,4.004
ming-flash-omni-2.0,ming_tp2,qps0.5,60,0,0,64,0.5,2.014,0.496,0.3065,1.1347,,4.062
ming-flash-omni-2.0,ming_tp2,qps1,60,0,0,64,1.0,3.488,0.862,0.3294,1.243,,4.045
ming-flash-omni-2.0,ming_tp2,qps2,60,0,0,64,2.0,6.313,1.55,0.6229,1.9854,,4.073
ming-flash-omni-2.0,ming_tp2,qps4,60,0,0,64,4.0,10.832,2.661,2.1524,6.0443,,4.07
ming-flash-omni-2.0,ming_tp4,confirm_c4,60,0,0,4,inf,7.494,1.838,1.7918,4.5906,,4.078
ming-flash-omni-2.0,ming_tp4,lad_c2,60,0,0,2,inf,9.343,2.272,0.4329,2.1328,,4.112
ming-flash-omni-2.0,ming_tp4,lad_c8,60,0,0,8,inf,10.279,2.583,1.7,3.4916,,3.98
ming-flash-omni-2.0,ming_tp4,probe_c1,24,0,0,1,inf,4.039,1.008,0.5405,2.0959,,4.008
ming-flash-omni-2.0,ming_tp4,qps0.5,60,0,0,64,0.5,2.5,0.631,0.8136,2.8578,,3.962
ming-flash-omni-2.0,ming_tp4,qps1,60,0,0,64,1.0,4.582,1.143,0.4633,2.4897,,4.008
ming-flash-omni-2.0,ming_tp4,qps2,60,0,0,64,2.0,7.354,1.817,0.5024,1.8078,,4.047
ming-flash-omni-2.0,ming_tp4,qps4,60,0,0,64,4.0,11.171,2.809,4.0972,8.4481,,3.977
ming-flash-omni-2.0,ming_replica,base.lad_c2,60,0,0,2,inf,9.463,2.33,0.5402,1.3485,,4.062
ming-flash-omni-2.0,ming_replica,base.lad_c4,60,0,0,4,inf,11.203,2.78,0.6345,1.8645,,4.03
ming-flash-omni-2.0,ming_replica,base.lad_c8,60,0,0,8,inf,11.304,2.839,1.5631,3.1996,,3.982
ming-flash-omni-2.0,ming_replica,base.qps1,60,0,0,0,1.0,3.867,0.969,0.3417,1.2284,,3.992
ming-flash-omni-2.0,ming_replica,base.qps2,60,0,0,0,2.0,7.097,1.756,0.6194,2.6194,,4.042
ming-flash-omni-2.0,ming_replica,base.qps4,60,0,0,0,4.0,11.526,2.849,3.1582,6.9238,,4.045
ming-flash-omni-2.0,ming_replica,base.qps6,60,0,0,0,6.0,12.488,3.167,3.5356,8.7388,,3.943
ming-flash-omni-2.0,ming_replica,talker2.lad_c2,60,0,0,2,inf,12.203,3.046,0.3195,1.0782,,4.007
ming-flash-omni-2.0,ming_replica,talker2.lad_c4,60,0,0,4,inf,22.798,5.709,0.3436,1.1159,,3.993
ming-flash-omni-2.0,ming_replica,talker2.lad_c8,60,0,0,8,inf,28.903,7.157,0.3898,1.7642,,4.038
ming-flash-omni-2.0,ming_replica,talker2.qps1,60,0,0,0,1.0,4.433,1.075,0.2402,1.0477,,4.123
ming-flash-omni-2.0,ming_replica,talker2.qps2,60,0,0,0,2.0,8.574,2.111,0.3137,1.0969,,4.062
ming-flash-omni-2.0,ming_replica,talker2.qps4,60,0,0,0,4.0,17.27,4.301,0.3256,1.1621,,4.015
ming-flash-omni-2.0,ming_replica,talker2.qps6,60,0,0,0,6.0,22.276,5.585,0.3332,1.4967,,3.988
ming-flash-omni-2.0,ming_replica,talker3.lad_c2,60,0,0,2,inf,14.279,3.542,0.2305,0.883,,4.032
ming-flash-omni-2.0,ming_replica,talker3.lad_c4,60,0,0,4,inf,23.955,5.821,0.3768,1.0604,,4.115
ming-flash-omni-2.0,ming_replica,talker3.lad_c8,60,0,0,8,inf,34.623,8.57,0.3621,1.4889,,4.04
ming-flash-omni-2.0,ming_replica,talker3.qps1,60,0,0,0,1.0,4.21,1.034,0.1977,0.8962,,4.07
ming-flash-omni-2.0,ming_replica,talker3.qps2,60,0,0,0,2.0,9.855,2.457,0.2445,1.0423,,4.012
ming-flash-omni-2.0,ming_replica,talker3.qps4,60,0,0,0,4.0,14.499,3.666,0.2471,1.2536,,3.955
ming-flash-omni-2.0,ming_replica,talker3.qps6,60,0,0,0,6.0,23.528,5.836,0.4515,1.7165,,4.032
ming-flash-omni-2.0,b8_program,e1_lad_c2_s0,60,0,0,2,inf,11.859,2.951,0.2943,1.1654,,4.018
ming-flash-omni-2.0,b8_program,e1_lad_c2_s1,60,0,0,2,inf,11.981,2.966,0.2607,1.1178,,4.04
ming-flash-omni-2.0,b8_program,e1_lad_c4_s0,60,0,0,4,inf,19.278,4.76,0.4087,1.2631,,4.05
ming-flash-omni-2.0,b8_program,e1_lad_c4_s1,60,0,0,4,inf,18.903,4.696,0.3377,1.5181,,4.025
ming-flash-omni-2.0,b8_program,e1_lad_c6_s0,60,0,0,6,inf,23.811,5.938,0.3963,1.3862,,4.01
ming-flash-omni-2.0,b8_program,e1_lad_c6_s1,60,0,0,6,inf,24.207,5.967,0.3968,1.4229,,4.057
ming-flash-omni-2.0,b8_program,e1_qps1_s0,60,0,0,0,1.0,3.655,0.913,0.2299,0.9921,,4.003
ming-flash-omni-2.0,b8_program,e1_qps1_s1,60,0,0,0,1.0,3.876,0.956,0.2379,1.0115,,4.055
ming-flash-omni-2.0,b8_program,e1_qps2_s0,60,0,0,0,2.0,7.538,1.881,0.2811,1.059,,4.007
ming-flash-omni-2.0,b8_program,e1_qps2_s1,60,0,0,0,2.0,6.956,1.743,0.3914,1.2874,,3.99
ming-flash-omni-2.0,b8_program,e1_qps3_s0,60,0,0,0,3.0,10.275,2.516,0.3718,1.2161,,4.083
ming-flash-omni-2.0,b8_program,e1_qps3_s1,60,0,0,0,3.0,10.743,2.628,0.3191,1.2775,,4.088
qwen3-omni,b8_program,e2_lad_c12_s0,40,0,0,12,inf,24.499,7.099,0.8367,1.9459,,3.451
qwen3-omni,b8_program,e2_lad_c12_s1,40,0,0,12,inf,23.993,6.788,0.7428,2.1894,,3.535
qwen3-omni,b8_program,e2_lad_c12_s2,40,0,0,12,inf,24.066,6.958,0.8535,1.9479,,3.459
qwen3-omni,b8_program,e2_lad_c12_s3,40,0,0,12,inf,24.39,6.865,0.7381,2.0703,,3.553
qwen3-omni,b8_program,e2_lad_c12_s4,40,0,0,12,inf,24.311,6.804,0.8145,2.0688,,3.573
qwen3-omni,b8_program,e2_lad_c12_s5,40,0,0,12,inf,23.746,7.07,0.9871,1.9035,,3.359
qwen3-omni,b8_program,e2_lad_c12_s6,40,0,0,12,inf,23.318,6.6,0.7986,2.2701,,3.533
qwen3-omni,b8_program,e2_lad_c12_s7,40,0,0,12,inf,23.211,6.592,0.9709,2.152,,3.521
qwen3-omni,b8_program,e2_lad_c4_s0,40,0,0,4,inf,14.753,4.27,0.6293,1.428,,3.455
qwen3-omni,b8_program,e2_lad_c4_s1,40,0,0,4,inf,14.626,4.069,0.5154,1.3267,,3.595
qwen3-omni,b8_program,e2_lad_c4_s2,40,0,0,4,inf,14.441,4.154,0.5488,1.4149,,3.477
qwen3-omni,b8_program,e2_lad_c4_s3,40,0,0,4,inf,14.964,4.068,0.6196,1.3763,,3.679
qwen3-omni,b8_program,e2_lad_c4_s4,40,0,0,4,inf,14.362,4.093,0.6624,1.487,,3.509
qwen3-omni,b8_program,e2_lad_c4_s5,40,0,0,4,inf,14.788,4.253,0.6658,1.4595,,3.477
qwen3-omni,b8_program,e2_lad_c4_s6,40,0,0,4,inf,14.559,4.096,0.6331,1.3738,,3.555
qwen3-omni,b8_program,e2_lad_c4_s7,40,0,0,4,inf,14.062,4.137,0.5774,1.3636,,3.399
qwen3-omni,b8_program,e2_lad_c8_s0,40,0,0,8,inf,21.372,6.2,0.5884,1.51,,3.447
qwen3-omni,b8_program,e2_lad_c8_s1,40,0,0,8,inf,20.898,5.756,0.8544,1.6565,,3.631
qwen3-omni,b8_program,e2_lad_c8_s2,40,0,0,8,inf,20.318,5.751,0.8081,1.8836,,3.533
qwen3-omni,b8_program,e2_lad_c8_s3,40,0,0,8,inf,20.675,5.638,0.6998,1.7672,,3.667
qwen3-omni,b8_program,e2_lad_c8_s4,40,0,0,8,inf,21.929,6.228,0.6356,1.5626,,3.521
qwen3-omni,b8_program,e2_lad_c8_s5,40,0,0,8,inf,21.465,6.103,0.7627,1.5823,,3.517
qwen3-omni,b8_program,e2_lad_c8_s6,40,0,0,8,inf,21.793,6.442,0.607,1.4544,,3.383
qwen3-omni,b8_program,e2_lad_c8_s7,40,0,0,8,inf,21.168,6.124,0.6069,1.5548,,3.457
qwen3-omni,b8_program,e2_qps1_s0,40,0,0,0,1.0,3.561,1.003,0.4244,1.3247,,3.549
qwen3-omni,b8_program,e2_qps1_s1,40,0,0,0,1.0,3.726,1.038,0.3526,1.1841,,3.589
qwen3-omni,b8_program,e2_qps1_s2,40,0,0,0,1.0,3.981,1.166,0.3661,1.1278,,3.415
qwen3-omni,b8_program,e2_qps1_s3,40,0,0,0,1.0,2.892,0.812,0.3607,1.1828,,3.563
qwen3-omni,b8_program,e2_qps1_s4,40,0,0,0,1.0,3.152,0.906,0.4123,1.0605,,3.481
qwen3-omni,b8_program,e2_qps1_s5,40,0,0,0,1.0,2.862,0.773,0.4583,1.0478,,3.701
qwen3-omni,b8_program,e2_qps1_s6,40,0,0,0,1.0,3.887,1.109,0.337,1.2526,,3.505
qwen3-omni,b8_program,e2_qps1_s7,40,0,0,0,1.0,3.807,1.038,0.3438,1.1699,,3.667
qwen3-omni,b8_program,e2_qps2_s0,40,0,0,0,2.0,6.673,1.892,0.5369,1.2177,,3.527
qwen3-omni,b8_program,e2_qps2_s1,40,0,0,0,2.0,6.451,1.851,0.4547,1.3326,,3.485
qwen3-omni,b8_program,e2_qps2_s2,40,0,0,0,2.0,6.199,1.748,0.4163,1.26,,3.547
qwen3-omni,b8_program,e2_qps2_s3,40,0,0,0,2.0,6.25,1.77,0.5282,1.264,,3.531
qwen3-omni,b8_program,e2_qps2_s4,40,0,0,0,2.0,6.983,2.002,0.4414,1.3916,,3.489
qwen3-omni,b8_program,e2_qps2_s5,40,0,0,0,2.0,6.701,1.897,0.5061,1.0938,,3.533
qwen3-omni,b8_program,e2_qps2_s6,40,0,0,0,2.0,8.209,2.299,0.4565,1.3098,,3.571
qwen3-omni,b8_program,e2_qps2_s7,40,0,0,0,2.0,8.227,2.385,0.5887,1.4724,,3.449
qwen3-omni,b8_program,e2_qps3_s0,40,0,0,0,3.0,10.8,3.176,0.5287,1.4471,,3.401
qwen3-omni,b8_program,e2_qps3_s1,40,0,0,0,3.0,10.268,2.935,0.4987,2.0063,,3.499
qwen3-omni,b8_program,e2_qps3_s2,40,0,0,0,3.0,11.63,3.29,0.4853,1.5824,,3.535
qwen3-omni,b8_program,e2_qps3_s3,40,0,0,0,3.0,9.389,2.724,0.4331,1.3839,,3.447
qwen3-omni,b8_program,e2_qps3_s4,40,0,0,0,3.0,9.679,2.76,0.4574,1.3632,,3.507
qwen3-omni,b8_program,e2_qps3_s5,40,0,0,0,3.0,11.799,3.427,0.4758,1.2902,,3.443
qwen3-omni,b8_program,e2_qps3_s6,40,0,0,0,3.0,12.38,3.587,0.426,1.6142,,3.451
qwen3-omni,b8_program,e2_qps3_s7,40,0,0,0,3.0,12.669,3.536,0.6922,1.7474,,3.583
qwen3-omni,b8_program,e3_lad_c16_s0,40,0,0,16,inf,27.856,6.492,1.0247,3.2208,,4.291
qwen3-omni,b8_program,e3_lad_c16_s1,40,0,1,16,inf,26.443,5.578,1.7753,3.4117,,4.851
qwen3-omni,b8_program,e3_lad_c16_s2,40,0,1,16,inf,27.648,6.55,2.5812,3.2555,,4.319
qwen3-omni,b8_program,e3_lad_c16_s3,40,0,2,16,inf,24.175,6.71,14.6177,3.7908,,3.783
qwen3-omni,b8_program,e3_lad_c24_s0,40,0,0,24,inf,33.225,7.02,1.4845,3.8173,,4.733
qwen3-omni,b8_program,e3_lad_c24_s1,40,0,0,24,inf,28.455,8.574,1.7337,3.166,,3.319
qwen3-omni,b8_program,e3_lad_c24_s2,40,0,1,24,inf,23.09,8.267,2.2447,3.3128,,2.855
qwen3-omni,b8_program,e3_lad_c24_s3,40,0,1,24,inf,29.303,7.439,5.7175,3.8248,,4.036
qwen3-omni,b8_program,e3_lad_c8_s0,40,0,0,8,inf,21.185,5.913,0.8455,2.2056,,3.583
qwen3-omni,b8_program,e3_lad_c8_s1,40,0,0,8,inf,17.205,5.737,1.2085,1.7628,,2.999
qwen3-omni,b8_program,e3_lad_c8_s3,40,0,0,8,inf,21.631,5.826,0.6575,2.1186,,3.713
qwen3-omni,b8_program,e3_qps2_s0,40,0,0,0,2.0,8.464,2.285,0.4981,1.2238,,3.705
qwen3-omni,b8_program,e3_qps2_s1,40,0,0,0,2.0,8.297,2.044,0.3875,1.4109,,4.059
qwen3-omni,b8_program,e3_qps2_s2,40,0,0,0,2.0,8.891,2.067,0.5803,2.034,,4.301
qwen3-omni,b8_program,e3_qps2_s3,40,0,0,0,2.0,8.72,2.277,0.3454,1.3606,,3.829
qwen3-omni,b8_program,e3_qps4_s0,40,0,0,0,4.0,17.583,4.041,1.2566,2.0322,,4.351
qwen3-omni,b8_program,e3_qps4_s1,40,0,0,0,4.0,12.149,2.874,0.7737,2.2026,,4.227
qwen3-omni,b8_program,e3_qps4_s2,40,0,0,0,4.0,17.958,3.519,0.4554,3.7679,,5.103
qwen3-omni,b8_program,e3_qps4_s3,40,0,0,0,4.0,10.384,2.892,0.6924,1.5319,,3.591
qwen3-omni,b8_program,e3_qps6_s0,40,0,0,0,6.0,19.916,4.978,0.7397,2.9783,,4.001
qwen3-omni,b8_program,e3_qps6_s1,40,0,1,0,6.0,23.195,4.899,9.1807,2.7054,,4.855
qwen3-omni,b8_program,e3_qps6_s2,40,0,0,0,6.0,20.799,4.752,0.8946,2.408,,4.377
qwen3-omni,b8_program,e3_qps6_s3,40,0,0,0,6.0,21.93,5.677,1.2256,3.0986,,3.863
qwen3-omni,b8_program,e3s_qps2_s0,40,0,0,0,2.0,9.555,2.52,0.6209,1.9677,0.6884,3.791
qwen3-omni,b8_program,e3s_qps2_s1,40,0,0,0,2.0,7.622,1.894,0.7883,2.0685,1.2006,4.025
qwen3-omni,b8_program,e3s_qps2_s2,40,0,0,0,2.0,5.739,1.689,0.7412,2.1766,1.0634,3.397
qwen3-omni,b8_program,e3s_qps2_s3,40,0,0,0,2.0,7.791,2.177,0.5539,1.7992,1.1493,3.579
qwen3-omni,b8_program,e3s_qps4_s0,40,0,0,0,4.0,9.805,2.898,0.823,1.7364,0.8149,3.383
qwen3-omni,b8_program,e3s_qps4_s1,40,1,1,0,4.0,14.2,3.584,1.559,2.2996,0.9191,4.057
qwen3-omni,b8_program,e3s_qps4_s2,40,0,0,0,4.0,12.866,3.656,1.2059,1.7612,0.8517,3.519
qwen3-omni,b8_program,e3s_qps4_s3,40,0,0,0,4.0,13.795,3.654,1.1926,2.841,1.0819,3.775
qwen3-omni,b8_program,e3s_qps6_s0,40,0,2,0,6.0,20.407,4.807,14.3994,3.3417,1.395,4.465
qwen3-omni,b8_program,e3s_qps6_s1,40,0,1,0,6.0,22.983,5.575,20.2267,5.1179,2.2585,4.227
qwen3-omni,b8_program,e3s_qps6_s2,40,1,1,0,6.0,19.078,4.758,1.8433,3.2627,1.0607,4.103
qwen3-omni,b8_program,e3s_qps6_s3,40,0,0,0,6.0,21.035,4.83,2.0374,4.1819,1.7687,4.355
higgs-v3-4b,b8_program,hcol_qps_agg32_s0,40,0,0,,2.0,9.196,2.31,0.3689,1.3842,0.5681,3.98
higgs-v3-4b,b8_program,hcol_qps_agg32_s1,40,0,0,,2.0,7.841,1.948,0.3875,1.3959,0.531,4.024
higgs-v3-4b,b8_program,hcol_qps_agg32_s10,40,0,0,,2.0,10.128,2.531,0.4122,1.5333,0.5708,4.002
higgs-v3-4b,b8_program,hcol_qps_agg32_s11,40,0,0,,2.0,8.228,2.066,0.3892,1.3211,0.566,3.982
higgs-v3-4b,b8_program,hcol_qps_agg32_s12,40,0,0,,2.0,8.541,2.134,0.3732,1.4789,0.4814,4.002
higgs-v3-4b,b8_program,hcol_qps_agg32_s13,40,0,0,,2.0,9.698,2.402,0.399,1.4811,0.5937,4.037
higgs-v3-4b,b8_program,hcol_qps_agg32_s14,40,0,0,,2.0,9.281,2.332,0.372,1.3892,0.5133,3.979
higgs-v3-4b,b8_program,hcol_qps_agg32_s15,40,0,0,,2.0,8.3,2.059,0.2926,1.377,0.5458,4.03
higgs-v3-4b,b8_program,hcol_qps_agg32_s2,40,0,0,,2.0,9.973,2.506,0.4063,1.471,0.5605,3.979
higgs-v3-4b,b8_program,hcol_qps_agg32_s3,40,0,0,,2.0,8.707,2.147,0.3753,1.4657,0.4961,4.055
higgs-v3-4b,b8_program,hcol_qps_agg32_s4,40,0,0,,2.0,7.726,1.919,0.3535,1.3885,0.4813,4.025
higgs-v3-4b,b8_program,hcol_qps_agg32_s5,40,0,0,,2.0,6.658,1.66,0.3134,1.2873,0.5112,4.012
higgs-v3-4b,b8_program,hcol_qps_agg32_s6,40,0,0,,2.0,6.859,1.694,0.3641,1.2285,0.4491,4.049
higgs-v3-4b,b8_program,hcol_qps_agg32_s7,40,0,0,,2.0,6.23,1.558,0.3596,1.1801,0.5319,3.998
higgs-v3-4b,b8_program,hcol_qps_agg32_s8,40,0,0,,2.0,8.695,2.16,0.3811,1.443,0.5998,4.026
higgs-v3-4b,b8_program,hcol_qps_agg32_s9,40,0,0,,2.0,8.284,2.063,0.3763,1.4148,0.4796,4.015
higgs-v3-4b,b8_program,hcol_qps_agg64_s0,40,0,0,,4.0,12.234,3.034,0.255,1.3177,0.3314,4.032
higgs-v3-4b,b8_program,hcol_qps_agg64_s1,40,0,0,,4.0,13.796,3.426,0.2673,1.3648,0.3125,4.027
higgs-v3-4b,b8_program,hcol_qps_agg64_s10,40,0,0,,4.0,11.106,2.757,0.2452,1.343,0.3216,4.029
higgs-v3-4b,b8_program,hcol_qps_agg64_s11,40,0,0,,4.0,14.177,3.527,0.2828,1.3964,0.3354,4.02
higgs-v3-4b,b8_program,hcol_qps_agg64_s12,40,0,0,,4.0,14.244,3.541,0.2779,1.3632,0.3281,4.023
higgs-v3-4b,b8_program,hcol_qps_agg64_s13,40,0,0,,4.0,11.839,2.947,0.2819,1.4246,0.3164,4.017
higgs-v3-4b,b8_program,hcol_qps_agg64_s14,40,0,0,,4.0,15.111,3.743,0.2858,1.4349,0.3394,4.037
higgs-v3-4b,b8_program,hcol_qps_agg64_s15,40,0,0,,4.0,17.021,4.212,0.2958,1.5005,0.3403,4.041
higgs-v3-4b,b8_program,hcol_qps_agg64_s2,40,0,0,,4.0,17.344,4.284,0.3031,1.3994,0.3589,4.049
higgs-v3-4b,b8_program,hcol_qps_agg64_s3,40,0,0,,4.0,11.179,2.774,0.2624,1.2277,0.3071,4.03
higgs-v3-4b,b8_program,hcol_qps_agg64_s4,40,0,0,,4.0,19.12,4.769,0.318,1.6352,0.4158,4.009
higgs-v3-4b,b8_program,hcol_qps_agg64_s5,40,0,0,,4.0,15.192,3.805,0.3132,1.4051,0.3341,3.993
higgs-v3-4b,b8_program,hcol_qps_agg64_s6,40,0,0,,4.0,15.302,3.796,0.2562,1.3849,0.3394,4.031
higgs-v3-4b,b8_program,hcol_qps_agg64_s7,40,0,0,,4.0,19.707,4.848,0.3364,1.4067,0.3627,4.065
higgs-v3-4b,b8_program,hcol_qps_agg64_s8,40,0,0,,4.0,17.338,4.321,0.2796,1.4363,0.4095,4.012
higgs-v3-4b,b8_program,hcol_qps_agg64_s9,40,0,0,,4.0,13.643,3.395,0.2895,1.4332,0.3348,4.018
higgs-v3-4b,b8_program,hcol_qps_agg96_s0,40,0,0,,6.0,19.709,4.911,0.2709,1.322,0.3349,4.013
higgs-v3-4b,b8_program,hcol_qps_agg96_s1,40,0,0,,6.0,24.038,6.0,0.322,1.5223,0.3639,4.006
higgs-v3-4b,b8_program,hcol_qps_agg96_s10,40,0,0,,6.0,21.27,5.312,0.3304,1.3932,0.3313,4.004
higgs-v3-4b,b8_program,hcol_qps_agg96_s11,40,0,0,,6.0,21.8,5.389,0.3155,1.6118,0.3836,4.045
higgs-v3-4b,b8_program,hcol_qps_agg96_s12,40,0,0,,6.0,25.177,6.229,0.301,1.5346,0.4386,4.042
higgs-v3-4b,b8_program,hcol_qps_agg96_s13,40,0,0,,6.0,20.76,5.145,0.3219,1.4266,0.3567,4.035
higgs-v3-4b,b8_program,hcol_qps_agg96_s14,40,0,0,,6.0,26.113,6.448,0.3339,1.7375,0.3595,4.05
higgs-v3-4b,b8_program,hcol_qps_agg96_s15,40,0,0,,6.0,23.145,5.728,0.2778,1.5422,0.3899,4.041
higgs-v3-4b,b8_program,hcol_qps_agg96_s2,40,0,0,,6.0,21.851,5.369,0.2782,1.5225,0.3479,4.07
higgs-v3-4b,b8_program,hcol_qps_agg96_s3,40,0,0,,6.0,21.237,5.237,0.3334,1.4635,0.36,4.055
higgs-v3-4b,b8_program,hcol_qps_agg96_s4,40,0,0,,6.0,24.736,6.133,0.351,1.76,0.3725,4.033
higgs-v3-4b,b8_program,hcol_qps_agg96_s5,40,0,0,,6.0,21.062,5.222,0.2874,1.4792,0.3624,4.033
higgs-v3-4b,b8_program,hcol_qps_agg96_s6,40,0,0,,6.0,21.29,5.317,0.2782,1.2651,0.3195,4.004
higgs-v3-4b,b8_program,hcol_qps_agg96_s7,40,0,0,,6.0,21.185,5.189,0.2899,1.4986,0.3297,4.083
higgs-v3-4b,b8_program,hcol_qps_agg96_s8,40,0,0,,6.0,19.695,4.838,0.3266,1.5087,0.341,4.071
higgs-v3-4b,b8_program,hcol_qps_agg96_s9,40,0,0,,6.0,22.922,5.682,0.2794,1.4343,0.3557,4.034
higgs-v3-4b,b8_program,hdef_qps_agg32_s0,40,0,0,,4.0,14.011,3.529,0.2984,1.0886,0.6279,3.97
higgs-v3-4b,b8_program,hdef_qps_agg32_s1,40,0,0,,4.0,12.566,3.174,0.3824,1.0758,0.6181,3.959
higgs-v3-4b,b8_program,hdef_qps_agg32_s2,40,0,0,,4.0,15.511,3.878,0.2759,0.976,0.5067,4.0
higgs-v3-4b,b8_program,hdef_qps_agg32_s3,40,0,0,,4.0,13.916,3.5,0.3232,0.9735,0.4831,3.976
higgs-v3-4b,b8_program,hdef_qps_agg32_s4,40,0,0,,4.0,15.107,3.756,0.2906,0.9868,0.5108,4.022
higgs-v3-4b,b8_program,hdef_qps_agg32_s5,40,0,0,,4.0,16.171,4.042,0.3294,1.0302,0.6293,4.001
higgs-v3-4b,b8_program,hdef_qps_agg32_s6,40,0,0,,4.0,15.128,3.68,0.2646,1.0436,0.4171,4.111
higgs-v3-4b,b8_program,hdef_qps_agg32_s7,40,0,0,,4.0,21.109,5.29,0.3623,1.1706,0.6935,3.99
higgs-v3-4b,b8_program,hdef_qps_agg64_s0,40,0,0,,8.0,32.816,8.119,0.1461,0.7419,0.1834,4.042
higgs-v3-4b,b8_program,hdef_qps_agg64_s1,40,0,0,,8.0,24.502,5.983,0.1474,0.6954,0.1849,4.095
higgs-v3-4b,b8_program,hdef_qps_agg64_s2,40,0,0,,8.0,31.2,7.748,0.1402,0.7477,0.193,4.027
higgs-v3-4b,b8_program,hdef_qps_agg64_s3,40,0,0,,8.0,25.904,6.401,0.1669,0.7215,0.1986,4.047
higgs-v3-4b,b8_program,hdef_qps_agg64_s4,40,0,0,,8.0,25.534,6.33,0.1598,0.7823,0.214,4.034
higgs-v3-4b,b8_program,hdef_qps_agg64_s5,40,0,0,,8.0,20.988,5.133,0.1376,0.6664,0.1621,4.089
higgs-v3-4b,b8_program,hdef_qps_agg64_s6,40,0,0,,8.0,31.008,7.626,0.1562,0.7753,0.1776,4.066
higgs-v3-4b,b8_program,hdef_qps_agg64_s7,40,0,0,,8.0,39.856,9.967,0.1937,0.8222,0.2445,3.999
higgs-v3-4b,b8_program,hdef_qps_agg96_s0,40,0,0,,12.0,50.393,12.567,0.2318,1.0147,0.253,4.01
higgs-v3-4b,b8_program,hdef_qps_agg96_s1,40,0,0,,12.0,48.858,12.187,0.1912,0.8671,0.2126,4.009
higgs-v3-4b,b8_program,hdef_qps_agg96_s2,40,0,0,,12.0,32.094,7.958,0.1585,0.7692,0.2,4.033
higgs-v3-4b,b8_program,hdef_qps_agg96_s3,40,0,0,,12.0,39.409,9.69,0.1726,0.7538,0.2041,4.067
higgs-v3-4b,b8_program,hdef_qps_agg96_s4,40,0,0,,12.0,35.538,8.842,0.1692,0.7561,0.2147,4.019
higgs-v3-4b,b8_program,hdef_qps_agg96_s5,40,0,0,,12.0,45.067,11.016,0.2054,0.8686,0.2606,4.091
higgs-v3-4b,b8_program,hdef_qps_agg96_s6,40,0,0,,12.0,43.558,10.64,0.1756,0.8615,0.2102,4.094
higgs-v3-4b,b8_program,hdef_qps_agg96_s7,40,0,0,,12.0,44.358,11.054,0.1846,0.8871,0.2221,4.013
ming-flash-omni-2.0,b8_program,mdef_lad_c12,60,0,0,12,inf,14.423,3.506,1.7564,3.6346,,4.113
ming-flash-omni-2.0,b8_program,mdef_lad_c4,60,0,0,4,inf,12.815,3.166,0.6973,1.6658,,4.048
ming-flash-omni-2.0,b8_program,mdef_lad_c8,60,0,0,8,inf,14.091,3.466,1.0828,2.5844,,4.065
ming-flash-omni-2.0,b8_program,mdef_qps2,60,0,0,0,2.0,7.416,1.851,0.4103,1.3623,,4.007
ming-flash-omni-2.0,b8_program,mdef_qps4,60,0,0,0,4.0,12.138,3.006,0.5753,2.0934,,4.038
ming-flash-omni-2.0,b8_program,mdef_qps6,60,0,0,0,6.0,14.61,3.642,3.4398,7.9868,,4.012
